Workbook

Sheet 1.ภายใต้สายผู้ช่วย
A1: NO. | B1: PoolFlag | C1: OrgUnitAbbrTransfer | D1: OrgUnitTransfer | E1: OrgUnitAbbrReceive | F1: OrgUnitReceive | G1: LevelGroup | H1: LendFlag | I1: Amount | J1: ConclusionNo | K1: ConclusionDate | L1: Note
A2: ลำดับ | B2: ปกติ/Pool Resources | C2: ชื่อย่อหน่วยงานที่โอน | D2: รหัสหน่วยงานที่โอน | E2: ชื่อย่อหน่วยงานที่รับโอน | F2: รหัสหน่วยงานที่รับโอน | G2: ระดับตำแหน่ง | H2: ยืม/คืน | I2: จำนวน | J2: เลขที่มติ | K2: วันที่มติ(วัน/เดือน/ปี พ.ศ.) | L2: หมายเหตุ
A3: 1 | D3: =IFERROR(VLOOKUP(C3,Master!$F$1:$H$1500,2,FALSE),"") | F3: =IFERROR(VLOOKUP(E3,Master!$F$1:$H$1500,2,FALSE),"")
A4: 2 | D4: =IFERROR(VLOOKUP(C4,Master!$F$1:$H$1500,2,FALSE),"") | F4: =IFERROR(VLOOKUP(E4,Master!$F$1:$H$1500,2,FALSE),"")
A5: 3 | D5: =IFERROR(VLOOKUP(C5,Master!$F$1:$H$1500,2,FALSE),"") | F5: =IFERROR(VLOOKUP(E5,Master!$F$1:$H$1500,2,FALSE),"")
A6: 4 | D6: =IFERROR(VLOOKUP(C6,Master!$F$1:$H$1500,2,FALSE),"") | F6: =IFERROR(VLOOKUP(E6,Master!$F$1:$H$1500,2,FALSE),"")
A7: 5 | D7: =IFERROR(VLOOKUP(C7,Master!$F$1:$H$1500,2,FALSE),"") | F7: =IFERROR(VLOOKUP(E7,Master!$F$1:$H$1500,2,FALSE),"")
A8: 6 | D8: =IFERROR(VLOOKUP(C8,Master!$F$1:$H$1500,2,FALSE),"") | F8: =IFERROR(VLOOKUP(E8,Master!$F$1:$H$1500,2,FALSE),"")
A9: 7 | D9: =IFERROR(VLOOKUP(C9,Master!$F$1:$H$1500,2,FALSE),"") | F9: =IFERROR(VLOOKUP(E9,Master!$F$1:$H$1500,2,FALSE),"")
A10: 8 | D10: =IFERROR(VLOOKUP(C10,Master!$F$1:$H$1500,2,FALSE),"") | F10: =IFERROR(VLOOKUP(E10,Master!$F$1:$H$1500,2,FALSE),"")
A11: 9 | D11: =IFERROR(VLOOKUP(C11,Master!$F$1:$H$1500,2,FALSE),"") | F11: =IFERROR(VLOOKUP(E11,Master!$F$1:$H$1500,2,FALSE),"")
A12: 10 | D12: =IFERROR(VLOOKUP(C12,Master!$F$1:$H$1500,2,FALSE),"") | F12: =IFERROR(VLOOKUP(E12,Master!$F$1:$H$1500,2,FALSE),"")
A13: 11 | D13: =IFERROR(VLOOKUP(C13,Master!$F$1:$H$1500,2,FALSE),"") | F13: =IFERROR(VLOOKUP(E13,Master!$F$1:$H$1500,2,FALSE),"")
A14: 12 | D14: =IFERROR(VLOOKUP(C14,Master!$F$1:$H$1500,2,FALSE),"") | F14: =IFERROR(VLOOKUP(E14,Master!$F$1:$H$1500,2,FALSE),"")
... A52: 50 | D52: =IFERROR(VLOOKUP(C52,Master!$F$1:$H$1500,2,FALSE),"") | F52: =IFERROR(VLOOKUP(E52,Master!$F$1:$H$1500,2,FALSE),"")

Sheet 2.อื่นๆ
A1: NO. | B1: PoolFlag | C1: OrgUnitAbbrTransfer | D1: OrgUnitTransfer | E1: BGTransfer | F1: OrgUnitAbbrReceive | G1: OrgUnitReceive | H1: LevelGroup | I1: LendFlag | J1: Amount | K1: ConclusionNo | L1: ConclusionDate | M1: Note
A2: ลำดับ | B2: ปกติ/Pool Resources | C2: ชื่อย่อหน่วยงานที่โอน | D2: หน่วยงานที่โอน | E2: รหัสหน่วยธุรกิจที่โอน | F2: ชื่อย่อหน่วยงานที่รับโอน | G2: รหัสหน่วยงานที่รับโอน | H2: ระดับตำแหน่ง | I2: ยืม/คืน | J2: จำนวน | K2: เลขที่มติ | L2: วันที่มติ(วัน/เดือน/ปี พ.ศ.) | M2: หมายเหตุ
A3: 1 | D3: =IFERROR(VLOOKUP(C3,Master!$F$1:$H$1500,2,FALSE),"") | E3: =IFERROR(VLOOKUP(C3,Master!$F$1:$H$1500,3,FALSE),"") | G3: =IFERROR(VLOOKUP(F3,Master!$F$1:$H$1500,2,FALSE),"")
A4: 2 | D4: =IFERROR(VLOOKUP(C4,Master!$F$1:$H$1500,2,FALSE),"") | E4: =IFERROR(VLOOKUP(C4,Master!$F$1:$H$1500,3,FALSE),"") | G4: =IFERROR(VLOOKUP(F4,Master!$F$1:$H$1500,2,FALSE),"")
A5: 3 | D5: =IFERROR(VLOOKUP(C5,Master!$F$1:$H$1500,2,FALSE),"") | E5: =IFERROR(VLOOKUP(C5,Master!$F$1:$H$1500,3,FALSE),"") | G5: =IFERROR(VLOOKUP(F5,Master!$F$1:$H$1500,2,FALSE),"")
A6: 4 | D6: =IFERROR(VLOOKUP(C6,Master!$F$1:$H$1500,2,FALSE),"") | E6: =IFERROR(VLOOKUP(C6,Master!$F$1:$H$1500,3,FALSE),"") | G6: =IFERROR(VLOOKUP(F6,Master!$F$1:$H$1500,2,FALSE),"")
A7: 5 | D7: =IFERROR(VLOOKUP(C7,Master!$F$1:$H$1500,2,FALSE),"") | E7: =IFERROR(VLOOKUP(C7,Master!$F$1:$H$1500,3,FALSE),"") | G7: =IFERROR(VLOOKUP(F7,Master!$F$1:$H$1500,2,FALSE),"")
A8: 6 | D8: =IFERROR(VLOOKUP(C8,Master!$F$1:$H$1500,2,FALSE),"") | E8: =IFERROR(VLOOKUP(C8,Master!$F$1:$H$1500,3,FALSE),"") | G8: =IFERROR(VLOOKUP(F8,Master!$F$1:$H$1500,2,FALSE),"")
A9: 7 | D9: =IFERROR(VLOOKUP(C9,Master!$F$1:$H$1500,2,FALSE),"") | E9: =IFERROR(VLOOKUP(C9,Master!$F$1:$H$1500,3,FALSE),"") | G9: =IFERROR(VLOOKUP(F9,Master!$F$1:$H$1500,2,FALSE),"")
A10: 8 | D10: =IFERROR(VLOOKUP(C10,Master!$F$1:$H$1500,2,FALSE),"") | E10: =IFERROR(VLOOKUP(C10,Master!$F$1:$H$1500,3,FALSE),"") | G10: =IFERROR(VLOOKUP(F10,Master!$F$1:$H$1500,2,FALSE),"")
A11: 9 | D11: =IFERROR(VLOOKUP(C11,Master!$F$1:$H$1500,2,FALSE),"") | E11: =IFERROR(VLOOKUP(C11,Master!$F$1:$H$1500,3,FALSE),"") | G11: =IFERROR(VLOOKUP(F11,Master!$F$1:$H$1500,2,FALSE),"")
A12: 10 | D12: =IFERROR(VLOOKUP(C12,Master!$F$1:$H$1500,2,FALSE),"") | E12: =IFERROR(VLOOKUP(C12,Master!$F$1:$H$1500,3,FALSE),"") | G12: =IFERROR(VLOOKUP(F12,Master!$F$1:$H$1500,2,FALSE),"")
A13: 11 | D13: =IFERROR(VLOOKUP(C13,Master!$F$1:$H$1500,2,FALSE),"") | E13: =IFERROR(VLOOKUP(C13,Master!$F$1:$H$1500,3,FALSE),"") | G13: =IFERROR(VLOOKUP(F13,Master!$F$1:$H$1500,2,FALSE),"")
A14: 12 | D14: =IFERROR(VLOOKUP(C14,Master!$F$1:$H$1500,2,FALSE),"") | E14: =IFERROR(VLOOKUP(C14,Master!$F$1:$H$1500,3,FALSE),"") | G14: =IFERROR(VLOOKUP(F14,Master!$F$1:$H$1500,2,FALSE),"")
... A52: 50 | D52: =IFERROR(VLOOKUP(C52,Master!$F$1:$H$1500,2,FALSE),"") | E52: =IFERROR(VLOOKUP(C52,Master!$F$1:$H$1500,3,FALSE),"") | G52: =IFERROR(VLOOKUP(F52,Master!$F$1:$H$1500,2,FALSE),"")

Sheet 3.ปรับสัดส่วน
A1: NO. | B1: PoolFlag | C1: OrgUnitAbbr | D1: OrgUnit | E1: LevelGroupFrom | F1: LevelGroupTo | G1: Amount | H1: ConclusionNo | I1: ConclusionDate | J1: หมายเหตุ
A2: ลำดับ | B2: ปกติ/Pool Resources | C2: ชื่อย่อหน่วยงาน | D2: รหัสหน่วยงาน | E2: จากระดับตำแหน่ง | F2: ไปที่ระดับตำแหน่ง | G2: จำนวน | H2: เลขที่มติ | I2: วันที่มติ(วัน/เดือน/ปี พ.ศ.) | J2: หมายเหตุ
A3: 1 | D3: =IFERROR(VLOOKUP(C3,Master!$F$1:$H$1500,2,FALSE),"")
A4: 2 | D4: =IFERROR(VLOOKUP(C4,Master!$F$1:$H$1500,2,FALSE),"")
A5: 3 | D5: =IFERROR(VLOOKUP(C5,Master!$F$1:$H$1500,2,FALSE),"")
A6: 4 | D6: =IFERROR(VLOOKUP(C6,Master!$F$1:$H$1500,2,FALSE),"")
A7: 5 | D7: =IFERROR(VLOOKUP(C7,Master!$F$1:$H$1500,2,FALSE),"")
A8: 6 | D8: =IFERROR(VLOOKUP(C8,Master!$F$1:$H$1500,2,FALSE),"")
A9: 7 | D9: =IFERROR(VLOOKUP(C9,Master!$F$1:$H$1500,2,FALSE),"")
A10: 8 | D10: =IFERROR(VLOOKUP(C10,Master!$F$1:$H$1500,2,FALSE),"")
A11: 9 | D11: =IFERROR(VLOOKUP(C11,Master!$F$1:$H$1500,2,FALSE),"")
A12: 10 | D12: =IFERROR(VLOOKUP(C12,Master!$F$1:$H$1500,2,FALSE),"")
A13: 11 | D13: =IFERROR(VLOOKUP(C13,Master!$F$1:$H$1500,2,FALSE),"")
A14: 12 | D14: =IFERROR(VLOOKUP(C14,Master!$F$1:$H$1500,2,FALSE),"")
... A52: 50 | D52: =IFERROR(VLOOKUP(C52,Master!$F$1:$H$1500,2,FALSE),"")

Sheet 4.เพิ่มลด
A1: NO. | B1: PoolFlag | C1: OrgUnitAbbr | D1: OrgUnit | E1: AddFlag | F1: LevelGroup | G1: Amount | H1: ConclusionNo | I1: ConclusionDate | J1: Note
A2: ลำดับ | B2: ปกติ/Pool Resources | C2: ชื่อย่อหน่วยงาน | D2: รหัสหน่วยงาน | E2: เพิ่ม/ลด | F2: ระดับตำแหน่ง | G2: จำนวน | H2: เลขที่มติ | I2: วันที่มติ(วัน/เดือน/ปี พ.ศ.) | J2: หมายเหตุ
A3: 1 | D3: =IFERROR(VLOOKUP(C3,Master!$F$1:$H$1500,2,FALSE),"")
A4: 2 | D4: =IFERROR(VLOOKUP(C4,Master!$F$1:$H$1500,2,FALSE),"")
A5: 3 | D5: =IFERROR(VLOOKUP(C5,Master!$F$1:$H$1500,2,FALSE),"")
A6: 4 | D6: =IFERROR(VLOOKUP(C6,Master!$F$1:$H$1500,2,FALSE),"")
A7: 5 | D7: =IFERROR(VLOOKUP(C7,Master!$F$1:$H$1500,2,FALSE),"")
A8: 6 | D8: =IFERROR(VLOOKUP(C8,Master!$F$1:$H$1500,2,FALSE),"")
A9: 7 | D9: =IFERROR(VLOOKUP(C9,Master!$F$1:$H$1500,2,FALSE),"")
A10: 8 | D10: =IFERROR(VLOOKUP(C10,Master!$F$1:$H$1500,2,FALSE),"")
A11: 9 | D11: =IFERROR(VLOOKUP(C11,Master!$F$1:$H$1500,2,FALSE),"")
A12: 10 | D12: =IFERROR(VLOOKUP(C12,Master!$F$1:$H$1500,2,FALSE),"")
A13: 11 | D13: =IFERROR(VLOOKUP(C13,Master!$F$1:$H$1500,2,FALSE),"")
A14: 12 | D14: =IFERROR(VLOOKUP(C14,Master!$F$1:$H$1500,2,FALSE),"")
... A52: 50 | D52: =IFERROR(VLOOKUP(C52,Master!$F$1:$H$1500,2,FALSE),"")

Sheet 5.Remark
A1: NO. | B1: PoolFlag | C1: OrgUnitAbbr | D1: OrgUnit | E1: Note
A2: ลำดับ | B2: ปกติ/Pool Resources | C2: ชื่อย่อหน่วยงาน | D2: รหัสหน่วยงาน | E2: หมายเหตุ
A3: 1 | D3: =IFERROR(VLOOKUP(C3,Master!$F$1:$H$1500,2,FALSE),"")
A4: 2 | D4: =IFERROR(VLOOKUP(C4,Master!$F$1:$H$1500,2,FALSE),"")
A5: 3 | D5: =IFERROR(VLOOKUP(C5,Master!$F$1:$H$1500,2,FALSE),"")
A6: 4 | D6: =IFERROR(VLOOKUP(C6,Master!$F$1:$H$1500,2,FALSE),"")
A7: 5 | D7: =IFERROR(VLOOKUP(C7,Master!$F$1:$H$1500,2,FALSE),"")
A8: 6 | D8: =IFERROR(VLOOKUP(C8,Master!$F$1:$H$1500,2,FALSE),"")
A9: 7 | D9: =IFERROR(VLOOKUP(C9,Master!$F$1:$H$1500,2,FALSE),"")
A10: 8 | D10: =IFERROR(VLOOKUP(C10,Master!$F$1:$H$1500,2,FALSE),"")
A11: 9 | D11: =IFERROR(VLOOKUP(C11,Master!$F$1:$H$1500,2,FALSE),"")
A12: 10 | D12: =IFERROR(VLOOKUP(C12,Master!$F$1:$H$1500,2,FALSE),"")
A13: 11 | D13: =IFERROR(VLOOKUP(C13,Master!$F$1:$H$1500,2,FALSE),"")
A14: 12 | D14: =IFERROR(VLOOKUP(C14,Master!$F$1:$H$1500,2,FALSE),"")
... A52: 50 | D52: =IFERROR(VLOOKUP(C52,Master!$F$1:$H$1500,2,FALSE),"")

Sheet Master
A1: ปกติ | C1: ปกติ | D1: Oil | E1: เพิ่ม
A2: Pool Resources | C2: ยืม | D2: Gas | E2: ลด
C3: คืน | D3: HO
D4: CTO
D5: COOU
D6: COOD
D7: TSO
